"term","estimate","std.error","statistic","p.value","model"
"num_services",0.0155396114756182,0.0265388274386106,0.585542504150355,0.558652945273546,"A: within-Nepal"
"pct_digital",0.00540957874343493,0.0100800104107127,0.536664003609145,0.591924350739091,"A: within-Nepal"
